{"assets/audio/.DS_Store":["assets/audio/.DS_Store"],"assets/audio/irs_recording.mp3":["assets/audio/irs_recording.mp3"],"assets/audio/irs_scam_2.mp3":["assets/audio/irs_scam_2.mp3"],"assets/data/facts.html":["assets/data/facts.html"],"assets/data/glossery.html":["assets/data/glossery.html"],"assets/fonts/BLKCHCRY.TTF":["assets/fonts/BLKCHCRY.TTF"],"assets/fonts/FreeSans.ttf":["assets/fonts/FreeSans.ttf"],"assets/fonts/FreeSansBold.ttf":["assets/fonts/FreeSansBold.ttf"],"assets/fonts/Smart%20Chameleon.ttf":["assets/fonts/Smart%20Chameleon.ttf"],"assets/fonts/TravelingTypewriter.ttf":["assets/fonts/TravelingTypewriter.ttf"],"assets/fonts/YouthTouchDemoRegular.ttf":["assets/fonts/YouthTouchDemoRegular.ttf"],"assets/fonts/monofonto.ttf":["assets/fonts/monofonto.ttf"],"assets/images/.DS_Store":["assets/images/.DS_Store"],"assets/images/Icon-87.png":["assets/images/Icon-87.png"],"assets/images/Private_Key.jpeg":["assets/images/Private_Key.jpeg"],"assets/images/app_icon.png":["assets/images/app_icon.png"],"assets/images/app_icon_2.png":["assets/images/app_icon_2.png"],"assets/images/app_icon_small.psd":["assets/images/app_icon_small.psd"],"assets/images/background.png":["assets/images/background.png"],"assets/images/background_2.png":["assets/images/background_2.png"],"assets/images/background_3.png":["assets/images/background_3.png"],"assets/images/background_4.png":["assets/images/background_4.png"],"assets/images/background_5.png":["assets/images/background_5.png"],"assets/images/background_6.png":["assets/images/background_6.png"],"assets/images/background_6small.png":["assets/images/background_6small.png"],"assets/images/background_7.png":["assets/images/background_7.png"],"assets/images/background_8.png":["assets/images/background_8.png"],"assets/images/background_9.png":["assets/images/background_9.png"],"assets/images/background_blue.jpeg":["assets/images/background_blue.jpeg"],"assets/images/background_blue.png":["assets/images/background_blue.png"],"assets/images/cia_triad.png":["assets/images/cia_triad.png"],"assets/images/cia_triad.psd":["assets/images/cia_triad.psd"],"assets/images/computer_security.png":["assets/images/computer_security.png"],"assets/images/hacker_image.jpeg":["assets/images/hacker_image.jpeg"],"assets/images/logo_full.png":["assets/images/logo_full.png"],"assets/images/logo_sheild.png":["assets/images/logo_sheild.png"],"assets/images/logo_zero.png":["assets/images/logo_zero.png"],"assets/images/private_key.png":["assets/images/private_key.png"],"assets/images/scammer_email.jpeg":["assets/images/scammer_email.jpeg"],"assets/images/score_image.png":["assets/images/score_image.png"],"assets/images/score_image.psd":["assets/images/score_image.psd"],"assets/images/sheild_image.png":["assets/images/sheild_image.png"],"assets/images/social_engineering.jpeg":["assets/images/social_engineering.jpeg"],"assets/images/star1.png":["assets/images/star1.png"],"assets/images/star2.png":["assets/images/star2.png"],"assets/images/star3.png":["assets/images/star3.png"],"assets/images/star4.png":["assets/images/star4.png"],"assets/images/star5.png":["assets/images/star5.png"],"assets/images/voicemail_image.jpg":["assets/images/voicemail_image.jpg"],"packages/cupertino_icons/assets/CupertinoIcons.ttf":["packages/cupertino_icons/assets/CupertinoIcons.ttf"]}