[{"family":"MaterialIcons","fonts":[{"asset":"fonts/MaterialIcons-Regular.otf"}]},{"family":"TravelingTypewriter","fonts":[{"asset":"assets/fonts/TravelingTypewriter.ttf"}]},{"family":"Smart Chameleon","fonts":[{"asset":"assets/fonts/Smart%20Chameleon.ttf"}]},{"family":"monofonto","fonts":[{"asset":"assets/fonts/monofonto.ttf"}]},{"family":"BlackChancery","fonts":[{"asset":"assets/fonts/BLKCHCRY.TTF"}]},{"family":"YouthTouchDemoRegular","fonts":[{"asset":"assets/fonts/YouthTouchDemoRegular.ttf"}]},{"family":"FreeSans","fonts":[{"asset":"assets/fonts/FreeSans.ttf"},{"weight":700,"asset":"assets/fonts/FreeSansBold.ttf"}]},{"family":"packages/cupertino_icons/CupertinoIcons","fonts":[{"asset":"packages/cupertino_icons/assets/CupertinoIcons.ttf"}]}]